Method,Job,AnalyzeLaunchVariance,EvaluateOverhead,MaxAbsoluteError,MaxRelativeError,MinInvokeCount,MinIterationTime,RemoveOutliers,Affinity,Jit,Platform,Runtime,AllowVeryLargeObjects,Concurrent,CpuGroups,Force,RetainVm,Server,Clock,EngineFactory,Toolchain,InvocationCount,IterationTime,LaunchCount,RunStrategy,TargetCount,UnrollFactor,WarmupCount,NbGoals,NbObstructions,NbObstacles,Mean,Error,StdDev,Median
PatternBasedComputation,Default,False,Default,Default,Default,Default,Default,Default,0,LegacyJit,X64,Mono,False,True,False,True,False,False,Default,Default,Default,1,Default,Default,Default,Default,16,Default,10,10,10,35.801 us,1.4508 us,4.2777 us,35.882 us
BDDBasedComputation,Default,False,Default,Default,Default,Default,Default,Default,0,LegacyJit,X64,Mono,False,True,False,True,False,False,Default,Default,Default,1,Default,Default,Default,Default,16,Default,10,10,10,69.434 us,0.3931 us,0.3485 us,69.380 us
BDDBasedComputationPrebuilt,Default,False,Default,Default,Default,Default,Default,Default,0,LegacyJit,X64,Mono,False,True,False,True,False,False,Default,Default,Default,1,Default,Default,Default,Default,16,Default,10,10,10,3.654 us,0.0070 us,0.0065 us,3.654 us
PatternBasedComputation,Default,False,Default,Default,Default,Default,Default,Default,0,LegacyJit,X64,Mono,False,True,False,True,False,False,Default,Default,Default,1,Default,Default,Default,Default,16,Default,10,10,100,443.511 us,1.6486 us,1.4614 us,443.051 us
BDDBasedComputation,Default,False,Default,Default,Default,Default,Default,Default,0,LegacyJit,X64,Mono,False,True,False,True,False,False,Default,Default,Default,1,Default,Default,Default,Default,16,Default,10,10,100,845.454 us,1.5620 us,1.3846 us,845.612 us
BDDBasedComputationPrebuilt,Default,False,Default,Default,Default,Default,Default,Default,0,LegacyJit,X64,Mono,False,True,False,True,False,False,Default,Default,Default,1,Default,Default,Default,Default,16,Default,10,10,100,26.827 us,0.0607 us,0.0568 us,26.830 us
PatternBasedComputation,Default,False,Default,Default,Default,Default,Default,Default,0,LegacyJit,X64,Mono,False,True,False,True,False,False,Default,Default,Default,1,Default,Default,Default,Default,16,Default,10,10,1000,"34,762.113 us",87.0031 us,81.3828 us,"34,716.778 us"
BDDBasedComputation,Default,False,Default,Default,Default,Default,Default,Default,0,LegacyJit,X64,Mono,False,True,False,True,False,False,Default,Default,Default,1,Default,Default,Default,Default,16,Default,10,10,1000,"85,092.931 us",203.1771 us,190.0520 us,"85,099.288 us"
BDDBasedComputationPrebuilt,Default,False,Default,Default,Default,Default,Default,Default,0,LegacyJit,X64,Mono,False,True,False,True,False,False,Default,Default,Default,1,Default,Default,Default,Default,16,Default,10,10,1000,298.534 us,1.5540 us,1.4536 us,298.034 us
PatternBasedComputation,Default,False,Default,Default,Default,Default,Default,Default,0,LegacyJit,X64,Mono,False,True,False,True,False,False,Default,Default,Default,1,Default,Default,Default,Default,16,Default,10,10,10000,"3,426,715.260 us","10,200.2632 us","9,541.3316 us","3,424,200.003 us"
BDDBasedComputation,Default,False,Default,Default,Default,Default,Default,Default,0,LegacyJit,X64,Mono,False,True,False,True,False,False,Default,Default,Default,1,Default,Default,Default,Default,16,Default,10,10,10000,"13,243,373.829 us","1,731,770.5363 us","1,778,400.6727 us","12,300,876.353 us"
BDDBasedComputationPrebuilt,Default,False,Default,Default,Default,Default,Default,Default,0,LegacyJit,X64,Mono,False,True,False,True,False,False,Default,Default,Default,1,Default,Default,Default,Default,16,Default,10,10,10000,"3,403.930 us",67.6211 us,136.5980 us,"3,363.580 us"
PatternBasedComputation,Default,False,Default,Default,Default,Default,Default,Default,0,LegacyJit,X64,Mono,False,True,False,True,False,False,Default,Default,Default,1,Default,Default,Default,Default,16,Default,10,100,10,NA,NA,NA,NA
BDDBasedComputation,Default,False,Default,Default,Default,Default,Default,Default,0,LegacyJit,X64,Mono,False,True,False,True,False,False,Default,Default,Default,1,Default,Default,Default,Default,16,Default,10,100,10,NA,NA,NA,NA
BDDBasedComputationPrebuilt,Default,False,Default,Default,Default,Default,Default,Default,0,LegacyJit,X64,Mono,False,True,False,True,False,False,Default,Default,Default,1,Default,Default,Default,Default,16,Default,10,100,10,NA,NA,NA,NA
PatternBasedComputation,Default,False,Default,Default,Default,Default,Default,Default,0,LegacyJit,X64,Mono,False,True,False,True,False,False,Default,Default,Default,1,Default,Default,Default,Default,16,Default,10,100,100,456.045 us,2.7158 us,2.5404 us,455.656 us
BDDBasedComputation,Default,False,Default,Default,Default,Default,Default,Default,0,LegacyJit,X64,Mono,False,True,False,True,False,False,Default,Default,Default,1,Default,Default,Default,Default,16,Default,10,100,100,821.463 us,16.3093 us,21.2067 us,811.616 us
BDDBasedComputationPrebuilt,Default,False,Default,Default,Default,Default,Default,Default,0,LegacyJit,X64,Mono,False,True,False,True,False,False,Default,Default,Default,1,Default,Default,Default,Default,16,Default,10,100,100,27.272 us,0.0796 us,0.0706 us,27.287 us
PatternBasedComputation,Default,False,Default,Default,Default,Default,Default,Default,0,LegacyJit,X64,Mono,False,True,False,True,False,False,Default,Default,Default,1,Default,Default,Default,Default,16,Default,10,100,1000,"34,887.054 us",168.5884 us,149.4492 us,"34,879.415 us"
BDDBasedComputation,Default,False,Default,Default,Default,Default,Default,Default,0,LegacyJit,X64,Mono,False,True,False,True,False,False,Default,Default,Default,1,Default,Default,Default,Default,16,Default,10,100,1000,"84,341.162 us",978.6190 us,915.4008 us,"84,199.303 us"
BDDBasedComputationPrebuilt,Default,False,Default,Default,Default,Default,Default,Default,0,LegacyJit,X64,Mono,False,True,False,True,False,False,Default,Default,Default,1,Default,Default,Default,Default,16,Default,10,100,1000,296.583 us,1.8414 us,1.7224 us,296.618 us
PatternBasedComputation,Default,False,Default,Default,Default,Default,Default,Default,0,LegacyJit,X64,Mono,False,True,False,True,False,False,Default,Default,Default,1,Default,Default,Default,Default,16,Default,10,100,10000,"3,419,830.209 us","4,214.1644 us","3,519.0178 us","3,420,166.916 us"
BDDBasedComputation,Default,False,Default,Default,Default,Default,Default,Default,0,LegacyJit,X64,Mono,False,True,False,True,False,False,Default,Default,Default,1,Default,Default,Default,Default,16,Default,10,100,10000,"12,432,859.625 us","67,000.6895 us","62,672.4804 us","12,424,552.593 us"
BDDBasedComputationPrebuilt,Default,False,Default,Default,Default,Default,Default,Default,0,LegacyJit,X64,Mono,False,True,False,True,False,False,Default,Default,Default,1,Default,Default,Default,Default,16,Default,10,100,10000,"3,293.144 us",17.9898 us,16.8277 us,"3,297.361 us"
PatternBasedComputation,Default,False,Default,Default,Default,Default,Default,Default,0,LegacyJit,X64,Mono,False,True,False,True,False,False,Default,Default,Default,1,Default,Default,Default,Default,16,Default,10,1000,10,NA,NA,NA,NA
BDDBasedComputation,Default,False,Default,Default,Default,Default,Default,Default,0,LegacyJit,X64,Mono,False,True,False,True,False,False,Default,Default,Default,1,Default,Default,Default,Default,16,Default,10,1000,10,NA,NA,NA,NA
BDDBasedComputationPrebuilt,Default,False,Default,Default,Default,Default,Default,Default,0,LegacyJit,X64,Mono,False,True,False,True,False,False,Default,Default,Default,1,Default,Default,Default,Default,16,Default,10,1000,10,NA,NA,NA,NA
PatternBasedComputation,Default,False,Default,Default,Default,Default,Default,Default,0,LegacyJit,X64,Mono,False,True,False,True,False,False,Default,Default,Default,1,Default,Default,Default,Default,16,Default,10,1000,100,NA,NA,NA,NA
BDDBasedComputation,Default,False,Default,Default,Default,Default,Default,Default,0,LegacyJit,X64,Mono,False,True,False,True,False,False,Default,Default,Default,1,Default,Default,Default,Default,16,Default,10,1000,100,NA,NA,NA,NA
BDDBasedComputationPrebuilt,Default,False,Default,Default,Default,Default,Default,Default,0,LegacyJit,X64,Mono,False,True,False,True,False,False,Default,Default,Default,1,Default,Default,Default,Default,16,Default,10,1000,100,NA,NA,NA,NA
PatternBasedComputation,Default,False,Default,Default,Default,Default,Default,Default,0,LegacyJit,X64,Mono,False,True,False,True,False,False,Default,Default,Default,1,Default,Default,Default,Default,16,Default,10,1000,1000,"34,947.358 us",108.0351 us,101.0561 us,"34,888.891 us"
BDDBasedComputation,Default,False,Default,Default,Default,Default,Default,Default,0,LegacyJit,X64,Mono,False,True,False,True,False,False,Default,Default,Default,1,Default,Default,Default,Default,16,Default,10,1000,1000,"82,382.093 us",94.9432 us,79.2819 us,"82,395.996 us"
BDDBasedComputationPrebuilt,Default,False,Default,Default,Default,Default,Default,Default,0,LegacyJit,X64,Mono,False,True,False,True,False,False,Default,Default,Default,1,Default,Default,Default,Default,16,Default,10,1000,1000,294.047 us,1.1858 us,1.1092 us,294.039 us
PatternBasedComputation,Default,False,Default,Default,Default,Default,Default,Default,0,LegacyJit,X64,Mono,False,True,False,True,False,False,Default,Default,Default,1,Default,Default,Default,Default,16,Default,10,1000,10000,"3,414,416.407 us","7,059.4102 us","6,603.3760 us","3,413,069.860 us"
BDDBasedComputation,Default,False,Default,Default,Default,Default,Default,Default,0,LegacyJit,X64,Mono,False,True,False,True,False,False,Default,Default,Default,1,Default,Default,Default,Default,16,Default,10,1000,10000,"12,637,240.975 us","50,413.9116 us","47,157.1996 us","12,644,652.278 us"
BDDBasedComputationPrebuilt,Default,False,Default,Default,Default,Default,Default,Default,0,LegacyJit,X64,Mono,False,True,False,True,False,False,Default,Default,Default,1,Default,Default,Default,Default,16,Default,10,1000,10000,"3,320.339 us",26.4790 us,24.7685 us,"3,319.467 us"
PatternBasedComputation,Default,False,Default,Default,Default,Default,Default,Default,0,LegacyJit,X64,Mono,False,True,False,True,False,False,Default,Default,Default,1,Default,Default,Default,Default,16,Default,100,10,10,476.578 us,3.1168 us,2.7630 us,476.376 us
BDDBasedComputation,Default,False,Default,Default,Default,Default,Default,Default,0,LegacyJit,X64,Mono,False,True,False,True,False,False,Default,Default,Default,1,Default,Default,Default,Default,16,Default,100,10,10,326.087 us,1.6730 us,1.5649 us,325.453 us
BDDBasedComputationPrebuilt,Default,False,Default,Default,Default,Default,Default,Default,0,LegacyJit,X64,Mono,False,True,False,True,False,False,Default,Default,Default,1,Default,Default,Default,Default,16,Default,100,10,10,3.186 us,0.0078 us,0.0073 us,3.182 us
PatternBasedComputation,Default,False,Default,Default,Default,Default,Default,Default,0,LegacyJit,X64,Mono,False,True,False,True,False,False,Default,Default,Default,1,Default,Default,Default,Default,16,Default,100,10,100,904.627 us,3.4826 us,3.0872 us,904.444 us
BDDBasedComputation,Default,False,Default,Default,Default,Default,Default,Default,0,LegacyJit,X64,Mono,False,True,False,True,False,False,Default,Default,Default,1,Default,Default,Default,Default,16,Default,100,10,100,"1,375.396 us",13.1204 us,12.2728 us,"1,379.426 us"
BDDBasedComputationPrebuilt,Default,False,Default,Default,Default,Default,Default,Default,0,LegacyJit,X64,Mono,False,True,False,True,False,False,Default,Default,Default,1,Default,Default,Default,Default,16,Default,100,10,100,27.348 us,0.0708 us,0.0663 us,27.357 us
PatternBasedComputation,Default,False,Default,Default,Default,Default,Default,Default,0,LegacyJit,X64,Mono,False,True,False,True,False,False,Default,Default,Default,1,Default,Default,Default,Default,16,Default,100,10,1000,"35,489.620 us",35.0872 us,29.2994 us,"35,484.959 us"
BDDBasedComputation,Default,False,Default,Default,Default,Default,Default,Default,0,LegacyJit,X64,Mono,False,True,False,True,False,False,Default,Default,Default,1,Default,Default,Default,Default,16,Default,100,10,1000,"84,655.621 us",121.3958 us,113.5537 us,"84,606.718 us"
BDDBasedComputationPrebuilt,Default,False,Default,Default,Default,Default,Default,Default,0,LegacyJit,X64,Mono,False,True,False,True,False,False,Default,Default,Default,1,Default,Default,Default,Default,16,Default,100,10,1000,298.844 us,0.6321 us,0.5278 us,298.824 us
PatternBasedComputation,Default,False,Default,Default,Default,Default,Default,Default,0,LegacyJit,X64,Mono,False,True,False,True,False,False,Default,Default,Default,1,Default,Default,Default,Default,16,Default,100,10,10000,"3,453,109.848 us","7,020.4477 us","6,566.9305 us","3,452,216.057 us"
BDDBasedComputation,Default,False,Default,Default,Default,Default,Default,Default,0,LegacyJit,X64,Mono,False,True,False,True,False,False,Default,Default,Default,1,Default,Default,Default,Default,16,Default,100,10,10000,"12,688,612.418 us","56,369.2020 us","52,727.7813 us","12,706,117.754 us"
BDDBasedComputationPrebuilt,Default,False,Default,Default,Default,Default,Default,Default,0,LegacyJit,X64,Mono,False,True,False,True,False,False,Default,Default,Default,1,Default,Default,Default,Default,16,Default,100,10,10000,"3,408.428 us",13.0522 us,11.5704 us,"3,410.831 us"
PatternBasedComputation,Default,False,Default,Default,Default,Default,Default,Default,0,LegacyJit,X64,Mono,False,True,False,True,False,False,Default,Default,Default,1,Default,Default,Default,Default,16,Default,100,100,10,NA,NA,NA,NA
BDDBasedComputation,Default,False,Default,Default,Default,Default,Default,Default,0,LegacyJit,X64,Mono,False,True,False,True,False,False,Default,Default,Default,1,Default,Default,Default,Default,16,Default,100,100,10,NA,NA,NA,NA
BDDBasedComputationPrebuilt,Default,False,Default,Default,Default,Default,Default,Default,0,LegacyJit,X64,Mono,False,True,False,True,False,False,Default,Default,Default,1,Default,Default,Default,Default,16,Default,100,100,10,NA,NA,NA,NA
PatternBasedComputation,Default,False,Default,Default,Default,Default,Default,Default,0,LegacyJit,X64,Mono,False,True,False,True,False,False,Default,Default,Default,1,Default,Default,Default,Default,16,Default,100,100,100,936.818 us,3.4869 us,3.0910 us,937.152 us
BDDBasedComputation,Default,False,Default,Default,Default,Default,Default,Default,0,LegacyJit,X64,Mono,False,True,False,True,False,False,Default,Default,Default,1,Default,Default,Default,Default,16,Default,100,100,100,"1,359.688 us",12.0540 us,11.2753 us,"1,356.516 us"
BDDBasedComputationPrebuilt,Default,False,Default,Default,Default,Default,Default,Default,0,LegacyJit,X64,Mono,False,True,False,True,False,False,Default,Default,Default,1,Default,Default,Default,Default,16,Default,100,100,100,28.880 us,0.0928 us,0.0868 us,28.842 us
PatternBasedComputation,Default,False,Default,Default,Default,Default,Default,Default,0,LegacyJit,X64,Mono,False,True,False,True,False,False,Default,Default,Default,1,Default,Default,Default,Default,16,Default,100,100,1000,"34,789.895 us",106.0603 us,99.2088 us,"34,741.775 us"
BDDBasedComputation,Default,False,Default,Default,Default,Default,Default,Default,0,LegacyJit,X64,Mono,False,True,False,True,False,False,Default,Default,Default,1,Default,Default,Default,Default,16,Default,100,100,1000,"82,264.532 us",172.6327 us,161.4807 us,"82,263.704 us"
BDDBasedComputationPrebuilt,Default,False,Default,Default,Default,Default,Default,Default,0,LegacyJit,X64,Mono,False,True,False,True,False,False,Default,Default,Default,1,Default,Default,Default,Default,16,Default,100,100,1000,305.440 us,1.1691 us,1.0936 us,305.566 us
PatternBasedComputation,Default,False,Default,Default,Default,Default,Default,Default,0,LegacyJit,X64,Mono,False,True,False,True,False,False,Default,Default,Default,1,Default,Default,Default,Default,16,Default,100,100,10000,"3,414,812.420 us","5,411.5313 us","5,061.9492 us","3,415,725.284 us"
BDDBasedComputation,Default,False,Default,Default,Default,Default,Default,Default,0,LegacyJit,X64,Mono,False,True,False,True,False,False,Default,Default,Default,1,Default,Default,Default,Default,16,Default,100,100,10000,"16,437,369.703 us","106,643.3393 us","89,052.0097 us","16,422,659.878 us"
BDDBasedComputationPrebuilt,Default,False,Default,Default,Default,Default,Default,Default,0,LegacyJit,X64,Mono,False,True,False,True,False,False,Default,Default,Default,1,Default,Default,Default,Default,16,Default,100,100,10000,"5,590.368 us",77.6352 us,86.2913 us,"5,577.382 us"
PatternBasedComputation,Default,False,Default,Default,Default,Default,Default,Default,0,LegacyJit,X64,Mono,False,True,False,True,False,False,Default,Default,Default,1,Default,Default,Default,Default,16,Default,100,1000,10,NA,NA,NA,NA
BDDBasedComputation,Default,False,Default,Default,Default,Default,Default,Default,0,LegacyJit,X64,Mono,False,True,False,True,False,False,Default,Default,Default,1,Default,Default,Default,Default,16,Default,100,1000,10,NA,NA,NA,NA
BDDBasedComputationPrebuilt,Default,False,Default,Default,Default,Default,Default,Default,0,LegacyJit,X64,Mono,False,True,False,True,False,False,Default,Default,Default,1,Default,Default,Default,Default,16,Default,100,1000,10,NA,NA,NA,NA
PatternBasedComputation,Default,False,Default,Default,Default,Default,Default,Default,0,LegacyJit,X64,Mono,False,True,False,True,False,False,Default,Default,Default,1,Default,Default,Default,Default,16,Default,100,1000,100,NA,NA,NA,NA
BDDBasedComputation,Default,False,Default,Default,Default,Default,Default,Default,0,LegacyJit,X64,Mono,False,True,False,True,False,False,Default,Default,Default,1,Default,Default,Default,Default,16,Default,100,1000,100,NA,NA,NA,NA
BDDBasedComputationPrebuilt,Default,False,Default,Default,Default,Default,Default,Default,0,LegacyJit,X64,Mono,False,True,False,True,False,False,Default,Default,Default,1,Default,Default,Default,Default,16,Default,100,1000,100,NA,NA,NA,NA
PatternBasedComputation,Default,False,Default,Default,Default,Default,Default,Default,0,LegacyJit,X64,Mono,False,True,False,True,False,False,Default,Default,Default,1,Default,Default,Default,Default,16,Default,100,1000,1000,"57,277.938 us",35.6871 us,29.8003 us,"57,265.319 us"
BDDBasedComputation,Default,False,Default,Default,Default,Default,Default,Default,0,LegacyJit,X64,Mono,False,True,False,True,False,False,Default,Default,Default,1,Default,Default,Default,Default,16,Default,100,1000,1000,"126,066.906 us","2,481.5237 us","4,660.9030 us","126,120.001 us"
BDDBasedComputationPrebuilt,Default,False,Default,Default,Default,Default,Default,Default,0,LegacyJit,X64,Mono,False,True,False,True,False,False,Default,Default,Default,1,Default,Default,Default,Default,16,Default,100,1000,1000,511.642 us,3.5005 us,3.5947 us,510.455 us
PatternBasedComputation,Default,False,Default,Default,Default,Default,Default,Default,0,LegacyJit,X64,Mono,False,True,False,True,False,False,Default,Default,Default,1,Default,Default,Default,Default,16,Default,100,1000,10000,"4,087,963.040 us","306,911.1696 us","904,934.5081 us","3,421,552.676 us"
BDDBasedComputation,Default,False,Default,Default,Default,Default,Default,Default,0,LegacyJit,X64,Mono,False,True,False,True,False,False,Default,Default,Default,1,Default,Default,Default,Default,16,Default,100,1000,10000,"12,224,501.577 us","13,193.6280 us","11,017.2758 us","12,225,048.789 us"
BDDBasedComputationPrebuilt,Default,False,Default,Default,Default,Default,Default,Default,0,LegacyJit,X64,Mono,False,True,False,True,False,False,Default,Default,Default,1,Default,Default,Default,Default,16,Default,100,1000,10000,"3,264.195 us",16.5606 us,15.4908 us,"3,262.874 us"
PatternBasedComputation,Default,False,Default,Default,Default,Default,Default,Default,0,LegacyJit,X64,Mono,False,True,False,True,False,False,Default,Default,Default,1,Default,Default,Default,Default,16,Default,1000,10,10,"37,241.029 us",117.8101 us,104.4355 us,"37,240.890 us"
BDDBasedComputation,Default,False,Default,Default,Default,Default,Default,Default,0,LegacyJit,X64,Mono,False,True,False,True,False,False,Default,Default,Default,1,Default,Default,Default,Default,16,Default,1000,10,10,"19,724.198 us",48.0012 us,44.9003 us,"19,707.005 us"
BDDBasedComputationPrebuilt,Default,False,Default,Default,Default,Default,Default,Default,0,LegacyJit,X64,Mono,False,True,False,True,False,False,Default,Default,Default,1,Default,Default,Default,Default,16,Default,1000,10,10,3.173 us,0.0077 us,0.0072 us,3.170 us
PatternBasedComputation,Default,False,Default,Default,Default,Default,Default,Default,0,LegacyJit,X64,Mono,False,True,False,True,False,False,Default,Default,Default,1,Default,Default,Default,Default,16,Default,1000,10,100,"38,758.445 us",155.1538 us,137.5398 us,"38,753.900 us"
BDDBasedComputation,Default,False,Default,Default,Default,Default,Default,Default,0,LegacyJit,X64,Mono,False,True,False,True,False,False,Default,Default,Default,1,Default,Default,Default,Default,16,Default,1000,10,100,"21,667.314 us",76.8699 us,71.9041 us,"21,629.355 us"
BDDBasedComputationPrebuilt,Default,False,Default,Default,Default,Default,Default,Default,0,LegacyJit,X64,Mono,False,True,False,True,False,False,Default,Default,Default,1,Default,Default,Default,Default,16,Default,1000,10,100,26.855 us,0.0836 us,0.0782 us,26.856 us
PatternBasedComputation,Default,False,Default,Default,Default,Default,Default,Default,0,LegacyJit,X64,Mono,False,True,False,True,False,False,Default,Default,Default,1,Default,Default,Default,Default,16,Default,1000,10,1000,"73,663.603 us",153.1019 us,135.7208 us,"73,644.303 us"
BDDBasedComputation,Default,False,Default,Default,Default,Default,Default,Default,0,LegacyJit,X64,Mono,False,True,False,True,False,False,Default,Default,Default,1,Default,Default,Default,Default,16,Default,1000,10,1000,"109,510.160 us",213.7497 us,189.4835 us,"109,482.679 us"
BDDBasedComputationPrebuilt,Default,False,Default,Default,Default,Default,Default,Default,0,LegacyJit,X64,Mono,False,True,False,True,False,False,Default,Default,Default,1,Default,Default,Default,Default,16,Default,1000,10,1000,295.448 us,1.5230 us,1.4246 us,295.863 us
PatternBasedComputation,Default,False,Default,Default,Default,Default,Default,Default,0,LegacyJit,X64,Mono,False,True,False,True,False,False,Default,Default,Default,1,Default,Default,Default,Default,16,Default,1000,10,10000,"3,480,272.450 us","3,646.7359 us","3,411.1587 us","3,480,508.043 us"
BDDBasedComputation,Default,False,Default,Default,Default,Default,Default,Default,0,LegacyJit,X64,Mono,False,True,False,True,False,False,Default,Default,Default,1,Default,Default,Default,Default,16,Default,1000,10,10000,"13,051,381.006 us","53,204.0200 us","49,767.0685 us","13,042,782.716 us"
BDDBasedComputationPrebuilt,Default,False,Default,Default,Default,Default,Default,Default,0,LegacyJit,X64,Mono,False,True,False,True,False,False,Default,Default,Default,1,Default,Default,Default,Default,16,Default,1000,10,10000,"3,323.192 us",18.6277 us,17.4243 us,"3,317.557 us"
PatternBasedComputation,Default,False,Default,Default,Default,Default,Default,Default,0,LegacyJit,X64,Mono,False,True,False,True,False,False,Default,Default,Default,1,Default,Default,Default,Default,16,Default,1000,100,10,NA,NA,NA,NA
BDDBasedComputation,Default,False,Default,Default,Default,Default,Default,Default,0,LegacyJit,X64,Mono,False,True,False,True,False,False,Default,Default,Default,1,Default,Default,Default,Default,16,Default,1000,100,10,NA,NA,NA,NA
BDDBasedComputationPrebuilt,Default,False,Default,Default,Default,Default,Default,Default,0,LegacyJit,X64,Mono,False,True,False,True,False,False,Default,Default,Default,1,Default,Default,Default,Default,16,Default,1000,100,10,NA,NA,NA,NA
PatternBasedComputation,Default,False,Default,Default,Default,Default,Default,Default,0,LegacyJit,X64,Mono,False,True,False,True,False,False,Default,Default,Default,1,Default,Default,Default,Default,16,Default,1000,100,100,"38,764.399 us",114.8899 us,101.8469 us,"38,725.254 us"
BDDBasedComputation,Default,False,Default,Default,Default,Default,Default,Default,0,LegacyJit,X64,Mono,False,True,False,True,False,False,Default,Default,Default,1,Default,Default,Default,Default,16,Default,1000,100,100,"22,910.877 us",64.7562 us,60.5730 us,"22,913.181 us"
BDDBasedComputationPrebuilt,Default,False,Default,Default,Default,Default,Default,Default,0,LegacyJit,X64,Mono,False,True,False,True,False,False,Default,Default,Default,1,Default,Default,Default,Default,16,Default,1000,100,100,30.797 us,0.1289 us,0.1206 us,30.832 us
PatternBasedComputation,Default,False,Default,Default,Default,Default,Default,Default,0,LegacyJit,X64,Mono,False,True,False,True,False,False,Default,Default,Default,1,Default,Default,Default,Default,16,Default,1000,100,1000,"72,775.941 us",173.0260 us,161.8486 us,"72,750.574 us"
BDDBasedComputation,Default,False,Default,Default,Default,Default,Default,Default,0,LegacyJit,X64,Mono,False,True,False,True,False,False,Default,Default,Default,1,Default,Default,Default,Default,16,Default,1000,100,1000,"112,208.444 us",126.2717 us,111.9366 us,"112,195.774 us"
BDDBasedComputationPrebuilt,Default,False,Default,Default,Default,Default,Default,Default,0,LegacyJit,X64,Mono,False,True,False,True,False,False,Default,Default,Default,1,Default,Default,Default,Default,16,Default,1000,100,1000,302.963 us,0.6534 us,0.5792 us,303.154 us
PatternBasedComputation,Default,False,Default,Default,Default,Default,Default,Default,0,LegacyJit,X64,Mono,False,True,False,True,False,False,Default,Default,Default,1,Default,Default,Default,Default,16,Default,1000,100,10000,"3,474,563.886 us","6,466.8186 us","6,049.0655 us","3,472,921.838 us"
BDDBasedComputation,Default,False,Default,Default,Default,Default,Default,Default,0,LegacyJit,X64,Mono,False,True,False,True,False,False,Default,Default,Default,1,Default,Default,Default,Default,16,Default,1000,100,10000,"13,387,157.128 us","33,392.3829 us","27,884.1494 us","13,392,118.384 us"
BDDBasedComputationPrebuilt,Default,False,Default,Default,Default,Default,Default,Default,0,LegacyJit,X64,Mono,False,True,False,True,False,False,Default,Default,Default,1,Default,Default,Default,Default,16,Default,1000,100,10000,"3,258.494 us",17.1227 us,16.0166 us,"3,261.985 us"
PatternBasedComputation,Default,False,Default,Default,Default,Default,Default,Default,0,LegacyJit,X64,Mono,False,True,False,True,False,False,Default,Default,Default,1,Default,Default,Default,Default,16,Default,1000,1000,10,NA,NA,NA,NA
BDDBasedComputation,Default,False,Default,Default,Default,Default,Default,Default,0,LegacyJit,X64,Mono,False,True,False,True,False,False,Default,Default,Default,1,Default,Default,Default,Default,16,Default,1000,1000,10,NA,NA,NA,NA
BDDBasedComputationPrebuilt,Default,False,Default,Default,Default,Default,Default,Default,0,LegacyJit,X64,Mono,False,True,False,True,False,False,Default,Default,Default,1,Default,Default,Default,Default,16,Default,1000,1000,10,NA,NA,NA,NA
PatternBasedComputation,Default,False,Default,Default,Default,Default,Default,Default,0,LegacyJit,X64,Mono,False,True,False,True,False,False,Default,Default,Default,1,Default,Default,Default,Default,16,Default,1000,1000,100,NA,NA,NA,NA
BDDBasedComputation,Default,False,Default,Default,Default,Default,Default,Default,0,LegacyJit,X64,Mono,False,True,False,True,False,False,Default,Default,Default,1,Default,Default,Default,Default,16,Default,1000,1000,100,NA,NA,NA,NA
BDDBasedComputationPrebuilt,Default,False,Default,Default,Default,Default,Default,Default,0,LegacyJit,X64,Mono,False,True,False,True,False,False,Default,Default,Default,1,Default,Default,Default,Default,16,Default,1000,1000,100,NA,NA,NA,NA
PatternBasedComputation,Default,False,Default,Default,Default,Default,Default,Default,0,LegacyJit,X64,Mono,False,True,False,True,False,False,Default,Default,Default,1,Default,Default,Default,Default,16,Default,1000,1000,1000,"76,458.239 us",207.8882 us,194.4587 us,"76,449.896 us"
BDDBasedComputation,Default,False,Default,Default,Default,Default,Default,Default,0,LegacyJit,X64,Mono,False,True,False,True,False,False,Default,Default,Default,1,Default,Default,Default,Default,16,Default,1000,1000,1000,"113,315.082 us",368.4265 us,344.6263 us,"113,429.124 us"
BDDBasedComputationPrebuilt,Default,False,Default,Default,Default,Default,Default,Default,0,LegacyJit,X64,Mono,False,True,False,True,False,False,Default,Default,Default,1,Default,Default,Default,Default,16,Default,1000,1000,1000,327.875 us,1.2697 us,1.1877 us,327.826 us
PatternBasedComputation,Default,False,Default,Default,Default,Default,Default,Default,0,LegacyJit,X64,Mono,False,True,False,True,False,False,Default,Default,Default,1,Default,Default,Default,Default,16,Default,1000,1000,10000,"3,389,290.814 us","5,850.1527 us","5,186.0075 us","3,390,315.584 us"
BDDBasedComputation,Default,False,Default,Default,Default,Default,Default,Default,0,LegacyJit,X64,Mono,False,True,False,True,False,False,Default,Default,Default,1,Default,Default,Default,Default,16,Default,1000,1000,10000,"12,598,945.587 us","24,899.5303 us","23,291.0339 us","12,600,053.057 us"
BDDBasedComputationPrebuilt,Default,False,Default,Default,Default,Default,Default,Default,0,LegacyJit,X64,Mono,False,True,False,True,False,False,Default,Default,Default,1,Default,Default,Default,Default,16,Default,1000,1000,10000,"3,296.950 us",10.9260 us,9.1237 us,"3,296.058 us"
PatternBasedComputation,Default,False,Default,Default,Default,Default,Default,Default,0,LegacyJit,X64,Mono,False,True,False,True,False,False,Default,Default,Default,1,Default,Default,Default,Default,16,Default,10000,10,10,"3,609,062.268 us","4,774.5465 us","4,232.5107 us","3,608,152.713 us"
BDDBasedComputation,Default,False,Default,Default,Default,Default,Default,Default,0,LegacyJit,X64,Mono,False,True,False,True,False,False,Default,Default,Default,1,Default,Default,Default,Default,16,Default,10000,10,10,"1,864,941.237 us","1,274.7668 us","1,192.4176 us","1,865,387.735 us"
BDDBasedComputationPrebuilt,Default,False,Default,Default,Default,Default,Default,Default,0,LegacyJit,X64,Mono,False,True,False,True,False,False,Default,Default,Default,1,Default,Default,Default,Default,16,Default,10000,10,10,3.153 us,0.0091 us,0.0085 us,3.155 us
PatternBasedComputation,Default,False,Default,Default,Default,Default,Default,Default,0,LegacyJit,X64,Mono,False,True,False,True,False,False,Default,Default,Default,1,Default,Default,Default,Default,16,Default,10000,10,100,"3,679,509.991 us","2,829.1141 us","2,507.9357 us","3,679,746.037 us"
BDDBasedComputation,Default,False,Default,Default,Default,Default,Default,Default,0,LegacyJit,X64,Mono,False,True,False,True,False,False,Default,Default,Default,1,Default,Default,Default,Default,16,Default,10000,10,100,"1,975,363.342 us","2,731.0832 us","2,554.6567 us","1,975,382.455 us"
BDDBasedComputationPrebuilt,Default,False,Default,Default,Default,Default,Default,Default,0,LegacyJit,X64,Mono,False,True,False,True,False,False,Default,Default,Default,1,Default,Default,Default,Default,16,Default,10000,10,100,28.629 us,0.1995 us,0.1867 us,28.683 us
PatternBasedComputation,Default,False,Default,Default,Default,Default,Default,Default,0,LegacyJit,X64,Mono,False,True,False,True,False,False,Default,Default,Default,1,Default,Default,Default,Default,16,Default,10000,10,1000,"3,731,868.689 us","7,629.5180 us","6,763.3683 us","3,731,132.723 us"
BDDBasedComputation,Default,False,Default,Default,Default,Default,Default,Default,0,LegacyJit,X64,Mono,False,True,False,True,False,False,Default,Default,Default,1,Default,Default,Default,Default,16,Default,10000,10,1000,"2,180,785.088 us","14,344.7174 us","13,418.0562 us","2,187,720.627 us"
BDDBasedComputationPrebuilt,Default,False,Default,Default,Default,Default,Default,Default,0,LegacyJit,X64,Mono,False,True,False,True,False,False,Default,Default,Default,1,Default,Default,Default,Default,16,Default,10000,10,1000,301.108 us,0.8453 us,0.7907 us,301.220 us
PatternBasedComputation,Default,False,Default,Default,Default,Default,Default,Default,0,LegacyJit,X64,Mono,False,True,False,True,False,False,Default,Default,Default,1,Default,Default,Default,Default,16,Default,10000,10,10000,"7,215,003.039 us","72,551.9190 us","64,315.3802 us","7,214,528.359 us"
BDDBasedComputation,Default,False,Default,Default,Default,Default,Default,Default,0,LegacyJit,X64,Mono,False,True,False,True,False,False,Default,Default,Default,1,Default,Default,Default,Default,16,Default,10000,10,10000,"20,229,255.707 us","255,734.7431 us","239,214.4141 us","20,218,840.735 us"
BDDBasedComputationPrebuilt,Default,False,Default,Default,Default,Default,Default,Default,0,LegacyJit,X64,Mono,False,True,False,True,False,False,Default,Default,Default,1,Default,Default,Default,Default,16,Default,10000,10,10000,"3,339.219 us",23.7865 us,22.2500 us,"3,333.397 us"
PatternBasedComputation,Default,False,Default,Default,Default,Default,Default,Default,0,LegacyJit,X64,Mono,False,True,False,True,False,False,Default,Default,Default,1,Default,Default,Default,Default,16,Default,10000,100,10,NA,NA,NA,NA
BDDBasedComputation,Default,False,Default,Default,Default,Default,Default,Default,0,LegacyJit,X64,Mono,False,True,False,True,False,False,Default,Default,Default,1,Default,Default,Default,Default,16,Default,10000,100,10,NA,NA,NA,NA
BDDBasedComputationPrebuilt,Default,False,Default,Default,Default,Default,Default,Default,0,LegacyJit,X64,Mono,False,True,False,True,False,False,Default,Default,Default,1,Default,Default,Default,Default,16,Default,10000,100,10,NA,NA,NA,NA
PatternBasedComputation,Default,False,Default,Default,Default,Default,Default,Default,0,LegacyJit,X64,Mono,False,True,False,True,False,False,Default,Default,Default,1,Default,Default,Default,Default,16,Default,10000,100,100,"3,623,683.237 us","3,567.7276 us","3,162.6973 us","3,623,836.775 us"
BDDBasedComputation,Default,False,Default,Default,Default,Default,Default,Default,0,LegacyJit,X64,Mono,False,True,False,True,False,False,Default,Default,Default,1,Default,Default,Default,Default,16,Default,10000,100,100,"1,915,807.591 us","6,434.2819 us","6,018.6307 us","1,917,135.994 us"
BDDBasedComputationPrebuilt,Default,False,Default,Default,Default,Default,Default,Default,0,LegacyJit,X64,Mono,False,True,False,True,False,False,Default,Default,Default,1,Default,Default,Default,Default,16,Default,10000,100,100,31.023 us,0.2012 us,0.1882 us,30.940 us
PatternBasedComputation,Default,False,Default,Default,Default,Default,Default,Default,0,LegacyJit,X64,Mono,False,True,False,True,False,False,Default,Default,Default,1,Default,Default,Default,Default,16,Default,10000,100,1000,"3,741,218.638 us","17,522.8907 us","15,533.5846 us","3,735,573.164 us"
BDDBasedComputation,Default,False,Default,Default,Default,Default,Default,Default,0,LegacyJit,X64,Mono,False,True,False,True,False,False,Default,Default,Default,1,Default,Default,Default,Default,16,Default,10000,100,1000,"2,220,074.218 us","7,642.2071 us","7,148.5245 us","2,218,669.293 us"
BDDBasedComputationPrebuilt,Default,False,Default,Default,Default,Default,Default,Default,0,LegacyJit,X64,Mono,False,True,False,True,False,False,Default,Default,Default,1,Default,Default,Default,Default,16,Default,10000,100,1000,299.015 us,1.3250 us,1.2394 us,298.908 us
PatternBasedComputation,Default,False,Default,Default,Default,Default,Default,Default,0,LegacyJit,X64,Mono,False,True,False,True,False,False,Default,Default,Default,1,Default,Default,Default,Default,16,Default,10000,100,10000,"7,115,856.873 us","4,666.4053 us","3,896.6594 us","7,115,384.644 us"
BDDBasedComputation,Default,False,Default,Default,Default,Default,Default,Default,0,LegacyJit,X64,Mono,False,True,False,True,False,False,Default,Default,Default,1,Default,Default,Default,Default,16,Default,10000,100,10000,"19,935,896.284 us","1,493,952.4153 us","2,536,844.5815 us","18,521,126.264 us"
BDDBasedComputationPrebuilt,Default,False,Default,Default,Default,Default,Default,Default,0,LegacyJit,X64,Mono,False,True,False,True,False,False,Default,Default,Default,1,Default,Default,Default,Default,16,Default,10000,100,10000,"3,358.277 us",28.2321 us,26.4083 us,"3,354.441 us"
PatternBasedComputation,Default,False,Default,Default,Default,Default,Default,Default,0,LegacyJit,X64,Mono,False,True,False,True,False,False,Default,Default,Default,1,Default,Default,Default,Default,16,Default,10000,1000,10,NA,NA,NA,NA
BDDBasedComputation,Default,False,Default,Default,Default,Default,Default,Default,0,LegacyJit,X64,Mono,False,True,False,True,False,False,Default,Default,Default,1,Default,Default,Default,Default,16,Default,10000,1000,10,NA,NA,NA,NA
BDDBasedComputationPrebuilt,Default,False,Default,Default,Default,Default,Default,Default,0,LegacyJit,X64,Mono,False,True,False,True,False,False,Default,Default,Default,1,Default,Default,Default,Default,16,Default,10000,1000,10,NA,NA,NA,NA
PatternBasedComputation,Default,False,Default,Default,Default,Default,Default,Default,0,LegacyJit,X64,Mono,False,True,False,True,False,False,Default,Default,Default,1,Default,Default,Default,Default,16,Default,10000,1000,100,NA,NA,NA,NA
BDDBasedComputation,Default,False,Default,Default,Default,Default,Default,Default,0,LegacyJit,X64,Mono,False,True,False,True,False,False,Default,Default,Default,1,Default,Default,Default,Default,16,Default,10000,1000,100,NA,NA,NA,NA
BDDBasedComputationPrebuilt,Default,False,Default,Default,Default,Default,Default,Default,0,LegacyJit,X64,Mono,False,True,False,True,False,False,Default,Default,Default,1,Default,Default,Default,Default,16,Default,10000,1000,100,NA,NA,NA,NA
PatternBasedComputation,Default,False,Default,Default,Default,Default,Default,Default,0,LegacyJit,X64,Mono,False,True,False,True,False,False,Default,Default,Default,1,Default,Default,Default,Default,16,Default,10000,1000,1000,"3,755,905.499 us","2,400.2852 us","2,127.7901 us","3,755,412.135 us"
BDDBasedComputation,Default,False,Default,Default,Default,Default,Default,Default,0,LegacyJit,X64,Mono,False,True,False,True,False,False,Default,Default,Default,1,Default,Default,Default,Default,16,Default,10000,1000,1000,"2,271,469.240 us","11,843.1527 us","11,078.0913 us","2,272,975.150 us"
BDDBasedComputationPrebuilt,Default,False,Default,Default,Default,Default,Default,Default,0,LegacyJit,X64,Mono,False,True,False,True,False,False,Default,Default,Default,1,Default,Default,Default,Default,16,Default,10000,1000,1000,381.122 us,1.9688 us,1.8417 us,380.829 us
PatternBasedComputation,Default,False,Default,Default,Default,Default,Default,Default,0,LegacyJit,X64,Mono,False,True,False,True,False,False,Default,Default,Default,1,Default,Default,Default,Default,16,Default,10000,1000,10000,"7,086,544.938 us","1,506.2710 us","1,257.8044 us","7,086,599.387 us"
BDDBasedComputation,Default,False,Default,Default,Default,Default,Default,Default,0,LegacyJit,X64,Mono,False,True,False,True,False,False,Default,Default,Default,1,Default,Default,Default,Default,16,Default,10000,1000,10000,"19,011,522.625 us","18,071.8057 us","11,953.3810 us","19,005,804.993 us"
BDDBasedComputationPrebuilt,Default,False,Default,Default,Default,Default,Default,Default,0,LegacyJit,X64,Mono,False,True,False,True,False,False,Default,Default,Default,1,Default,Default,Default,Default,16,Default,10000,1000,10000,"3,453.634 us",25.7752 us,24.1101 us,"3,451.066 us"
